Date,Open,High,Low,Close,Volume,Adj_Close
2023-10-30,159.84129333496094,174.42607554003837,157.13128368674,161.12239181240832,6157996,161.12239181240832
2023-10-31,162.55128479003906,166.39457979223013,161.81219133233634,164.57147658180548,1312880,164.57147658180548
2023-11-01,166.59169006347656,169.94224149320604,162.15712873988926,163.5860399367769,2469497,163.5860399367769
2023-11-02,187.08920288085938,190.04557681079515,167.52785602969297,167.52785602969297,12846470,167.52785602969297
2023-11-03,185.216796875,191.57299689630634,183.442969766593,190.14408604452325,3733593,190.14408604452325
2023-11-06,184.13282775878906,189.01084170422217,180.58517305107665,187.28629025625827,1218329,187.28629025625827
2023-11-07,196.74668884277344,199.06252121823914,182.0140943639513,185.06902025879165,5452984,185.06902025879165
2023-11-08,196.79592895507812,202.01885854934224,194.62792469997606,198.1755789624292,1949387,198.1755789624292
2023-11-09,192.2135772705078,198.5697780775209,190.34119813250334,196.7959507498464,2140628,196.7959507498464
2023-11-10,192.2135772705078,193.34684790482746,189.4542919871136,192.16430136534282,906904,192.16430136534282
2023-11-13,194.3323211669922,196.59887765105023,192.60776960864965,196.10614863438093,626576,196.10614863438093
2023-11-15,191.08030700683594,196.9930552179219,190.4890412078651,196.5003262003314,1342146,196.5003262003314
2023-11-16,196.69740295410156,202.01886960203151,193.19902439995582,193.19902439995582,2030787,193.19902439995582
2023-11-17,199.65379333496094,204.38397962300118,197.53504964975141,198.07705454768387,1911427,198.07705454768387
2023-11-20,211.38075256347656,212.66185104093756,199.6538077367183,199.6538077367183,3862266,199.6538077367183
2023-11-21,216.01239013671875,216.9978481346389,208.67073105959275,212.9574793653037,2537820,212.9574793653037
2023-11-22,204.48252868652344,216.50511290794236,201.92033195087393,215.8152953366199,2571910,215.8152953366199
2023-11-23,207.7345428466797,214.04146783273526,205.02453343226756,205.46798651088324,2099632,205.46798651088324
2023-11-24,208.96636962890625,213.25310286002824,208.227276136965,208.81854190838067,948612,208.81854190838067
2023-11-28,206.94615173339844,214.18927305882485,203.74341367085776,209.90252532958985,949653,209.90252532958985
2023-11-29,209.06491088867188,213.15457065391212,206.35490136010986,207.93164019148614,1172119,207.93164019148614
2023-11-30,214.28782653808594,215.81528935597524,207.34034503774063,210.44454657801145,2644969,210.44454657801145
2023-12-01,212.85891723632812,216.0123796694873,209.45909031562687,215.22401030197378,1153453,215.22401030197378
2023-12-04,217.24420166015625,220.34840321893526,214.82983269459143,215.2732857638756,2124498,215.2732857638756
2023-12-05,224.88150024414062,231.18844011995733,218.6731121776706,220.74257987879224,3005660,220.74257987879224
2023-12-06,225.4727783203125,227.8871472513806,220.9396658088785,225.32495060806664,943404,225.32495060806664
2023-12-07,220.79188537597656,227.04953514893143,217.2935061918129,225.76845167709135,1550904,225.76845167709135
2023-12-08,211.18362426757812,223.64966029174514,208.52289102949473,222.31930119115032,1801164,222.31930119115032
2023-12-11,211.72564697265625,216.2094686241197,207.04472170130407,212.8589176025414,798207,212.8589176025414
2023-12-12,210.937255859375,214.73125956080904,208.9170642589265,212.8588956600383,436000,212.8588956600383
2023-12-13,212.3662109375,212.76038814489914,209.95184170916295,212.2676591172019,397845,212.2676591172019
2023-12-14,210.395263671875,214.2878194069032,210.0010865228447,212.7603566398456,673807,212.7603566398456
2023-12-15,210.24745178222656,215.76600707364895,208.3257968220967,211.08508198625512,921657,211.08508198625512
2023-12-18,207.43890380859375,211.87346469761357,206.05926865787907,210.69091813458735,775072,210.69091813458735
2023-12-19,198.07705688476562,207.43890783205552,194.3815894055722,204.9752628459266,4496910,204.9752628459266
2023-12-20,193.3961181640625,204.08834268623477,192.45993614083832,200.39287546016988,1594311,200.39287546016988
2023-12-21,200.3928985595703,201.4276174726254,190.19340182517172,193.34686454753623,1284590,193.34686454753623
2023-12-22,197.7321319580078,205.7636232850441,195.76121605496505,203.00433801340523,1408500,203.00433801340523
2023-12-26,200.49142456054688,212.85892531173266,197.4857746911271,206.94617738640676,3503672,206.94617738640676
2023-12-27,198.4219512939453,203.10287625086679,197.58430607637018,202.01886656187475,836589,202.01886656187475
2023-12-28,197.1901397705078,200.93486791226556,196.00757821322134,200.04796178119554,750507,200.04796178119554
2023-12-29,200.2450408935547,201.77250363541407,195.85975627613453,196.94376597342676,661709,196.94376597342676
2024-01-01,200.29432678222656,201.92032637234277,198.61905128761396,201.03342023898753,627392,201.03342023898753
2024-01-02,199.60450744628906,201.62469921742888,197.28867528770772,201.0826943466019,637201,201.0826943466019
2024-01-03,198.4219512939453,199.949398987215,197.87994644944928,199.949398987215,420015,199.949398987215
2024-01-04,198.96395874023438,201.32906689764638,198.4219688845835,198.4219688845835,612474,198.4219688845835
2024-01-05,199.11178588867188,202.26524838597055,198.02777610668076,199.50596306199847,716677,199.50596306199847
2024-01-08,198.37269592285156,201.03342948214794,197.5843265253464,199.45669068713758,608048,199.45669068713758
2024-01-09,196.40179443359375,201.42762151920132,195.66270088833704,199.65380904010257,740961,199.65380904010257
2024-01-10,199.9987030029297,203.5956338133779,196.89451624147492,198.0770628631293,1309114,198.0770628631293
2024-01-11,205.81289672851562,206.847615535722,199.60450870080305,200.04796176630506,1659687,200.04796176630506
2024-01-12,205.418701171875,208.42435084630466,203.9897901900003,207.7838092107074,1194219,207.7838092107074
2024-01-15,200.68850708007812,207.93162908426433,200.24505400647175,207.09398380542277,904882,207.09398380542277
2024-01-16,200.3928985595703,205.36944963480514,198.96397237126308,201.03344027116597,729567,201.03344027116597
2024-01-17,197.38722229003906,201.32905392823497,195.85975952285926,200.04795563844243,765823,200.04795563844243
2024-01-19,197.8799591064453,200.39287988301066,196.10613179140537,198.17559949843448,370834,198.17559949843448
2024-01-23,188.91229248046875,199.4566898993806,187.2370169154465,195.16995669213793,933303,195.16995669213793
2024-01-24,201.47686767578125,203.5956112147621,187.23700381413755,190.39046613415468,1560210,190.39046613415468
2024-01-25,193.24830627441406,207.53744627321578,192.16429653560917,206.9461654998868,3501285,206.9461654998868
2024-01-29,196.50030517578125,200.19577241231346,193.39611871185207,197.09158594838428,1287023,197.09158594838428
2024-01-30,193.74102783203125,198.27412511894593,192.16428918803842,198.07703654767036,911003,198.07703654767036
2024-01-31,194.13522338867188,198.2741439256198,192.70631231527142,195.56413446207233,947470,195.56413446207233
2024-02-01,196.30320739746094,198.07703459524492,194.48011933501422,195.12066094456964,853540,195.12066094456964
2024-02-02,192.7555694580078,198.02776015172714,192.01647603989719,196.54957331550588,861247,196.54957331550588
2024-02-05,180.97935485839844,195.4655994217315,174.32751338878882,195.4655994217315,1470930,195.4655994217315
2024-02-06,179.0577392578125,185.6603057230625,174.91881811817055,184.28067035548108,1762024,184.28067035548108
2024-02-07,193.05120849609375,194.7757599274056,181.22571296709825,181.76771785288958,2259613,181.76771785288958
2024-02-08,191.08030700683594,194.3815974394508,188.9615782459553,194.13523293065552,870372,194.13523293065552
2024-02-09,186.5964813232422,192.06576128190648,182.80246194731316,191.86867268610797,578946,191.86867268610797
2024-02-12,178.76206970214844,188.12392041499635,177.87516354411042,186.59647259136372,716522,186.59647259136372
2024-02-13,176.84043884277344,180.8808227432138,172.80006997922914,179.79681290546753,773306,179.79681290546753
2024-02-14,179.89537048339844,180.88082853585541,174.42607528488298,175.36225742733777,552109,175.36225742733777
2024-02-15,178.4664306640625,182.11262186542154,177.67806134128088,179.94461750544272,820179,179.94461750544272
2024-02-16,186.64573669433594,188.02538689806107,179.3533536064157,179.944634413283,1339100,179.944634413283
2024-02-19,190.88320922851562,192.7555884274635,187.18774177428432,188.22247566884818,881185,188.22247566884818
2024-02-20,190.6368408203125,194.0366678010727,188.86301347129557,191.81938737402535,552995,191.81938737402535
2024-02-21,184.13282775878906,192.06575238990675,183.29518246930562,192.06575238990675,772449,192.06575238990675
2024-02-22,183.4429931640625,185.95591396841166,180.33880660609273,185.2660964040734,559186,185.2660964040734
2024-02-23,182.45753479003906,185.31537188851374,181.57062864317507,183.5908204631376,483670,183.5908204631376
2024-02-26,178.2200927734375,183.68937287281543,177.62881193393355,182.5068262307039,763182,182.5068262307039
2024-02-27,178.71282958984375,181.7184647172272,176.74191342138403,178.36791324560448,731064,178.36791324560448
2024-02-28,174.6724395751953,180.68373970227375,173.39134110125605,178.8606362927952,667328,178.8606362927952
2024-02-29,177.0375213623047,179.3533536466766,173.73624612775868,174.91879270486316,479053,174.91879270486316
2024-03-01,173.29278564453125,180.14171535496249,172.6522289581387,177.03751380604825,829045,177.03751380604825
2024-03-04,174.86952209472656,178.0229847414851,174.42606899449265,177.38244304524676,377019,177.38244304524676
2024-03-05,176.54478454589844,179.2055330226026,172.75078048593363,175.85496699289527,783048,175.85496699289527
2024-03-06,172.70150756835938,176.39697492003612,169.79440959241936,175.90424593981254,585969,175.90424593981254
2024-03-07,172.80006408691406,174.72170415475995,171.9624187829552,173.68697026072124,307269,173.68697026072124
2024-03-11,167.82350158691406,175.3129734174158,167.0844080817194,174.7217076353976,375024,174.7217076353976
2024-03-12,174.03189086914062,176.34770817434054,166.93658115586652,168.90749717913246,1668269,168.90749717913246
2024-03-13,160.2354736328125,174.9187915264738,158.41237035425726,174.9187915264738,1614041,174.9187915264738
2024-03-14,169.79440307617188,172.35658465286775,157.82108029410574,159.54563165870462,1240792,159.54563165870462
2024-03-15,166.98583984375,172.84931140092831,164.67002277736404,169.54803642453274,1018267,169.54803642453274
2024-03-18,167.8727569580078,171.32185956030528,166.69019546484773,167.42928887962577,552689,167.42928887962577
2024-03-19,160.38328552246094,167.42930403295992,157.67327608966974,167.42930403295992,4913029,167.42930403295992
2024-03-20,177.13604736328125,179.15623894976827,167.7741978503401,174.9187672154794,14550840,174.9187672154794
2024-03-21,187.18772888183594,188.8630043383247,175.411509746145,178.86061246587258,5974441,178.86061246587258
2024-03-22,191.57302856445312,193.83958496448756,183.2951874060356,186.79356630207832,3876764,186.79356630207832
2024-03-26,186.39938354492188,193.05122536108811,184.72410787267413,193.05122536108811,1603160,193.05122536108811
2024-03-27,184.67481994628906,187.729745707468,181.76772190465488,187.23701671610982,1343748,187.23701671610982
2024-03-28,184.9211883544922,189.5035770932138,179.8953615584406,185.758833672282,1507557,185.758833672282
2024-04-01,197.0915985107422,198.76687409070436,185.51246709823607,186.7442895889282,3102196,186.7442895889282
2024-04-02,197.68287658691406,200.1465215342241,195.71196062906606,198.61905865951277,1540243,198.61905865951277
2024-04-03,203.34925842285156,204.3347163942986,195.76122001319322,196.50031349177848,1646747,196.50031349177848
2024-04-04,205.07379150390625,205.6157813101385,202.95504803293917,204.33469809152345,1090629,204.33469809152345
2024-04-05,203.15216064453125,205.17235255150555,201.77252545956603,203.5463528665897,774066,203.5463528665897
2024-04-08,206.84762573242188,207.8330837207362,202.31452800831323,203.98980358106851,1087666,203.98980358106851
2024-04-09,210.395263671875,211.62708605871268,204.58106802075892,208.47362375578712,1624812,208.47362375578712
2024-04-10,212.90818786621094,214.33709885117318,208.03017414111488,210.88799611103934,1169269,210.88799611103934
2024-04-12,203.94052124023438,212.366189781883,202.31452162557198,212.366189781883,1435086,212.366189781883
2024-04-15,199.16107177734375,201.8218054229036,183.3937434636309,200.09725388859124,2245350,200.09725388859124
2024-04-16,200.0972442626953,202.70870187426857,196.64814135999347,197.92923973123322,771550,197.92923973123322
2024-04-18,201.13198852539062,203.10290457155068,199.6045255822374,200.39289500808061,718256,200.39289500808061
2024-04-19,200.0479736328125,201.1319834455811,194.67723055004964,197.09159963823893,1462204,197.09159963823893
2024-04-22,206.55198669433594,207.88234586837015,201.7232338490602,201.7232338490602,1176500,201.7232338490602
2024-04-23,212.070556640625,217.88476780924577,206.2070846019743,207.38963118371043,2426456,207.38963118371043
2024-04-24,212.5140380859375,214.82987068839253,211.28221543290772,213.00676714714942,901862,213.00676714714942
2024-04-25,210.34600830078125,212.85892922259382,208.7692845138625,212.51401290585443,584277,212.51401290585443
2024-04-26,211.38075256347656,211.87348159043106,208.7692947353764,210.34601859949282,522389,210.34601859949282
2024-04-29,211.38075256347656,213.05602824774252,210.0996540860156,211.08511213992455,439358,211.08511213992455
2024-04-30,212.612548828125,216.35729197708852,210.88799744713208,212.4647361530835,970662,212.4647361530835
2024-05-02,213.25308227539062,213.795087124542,209.26198983367163,213.74581122245658,668429,213.74581122245658
2024-05-03,220.54550170898438,223.20623528111523,213.89366026020943,215.81530033803193,2087691,215.81530033803193
2024-05-06,218.96875,223.15694622088822,210.39526897873722,222.5656804824291,983449,222.5656804824291
2024-05-07,210.937255859375,219.75710061198401,207.53742928329476,219.31364758673763,718017,219.31364758673763
2024-05-08,216.30801391601562,218.3774815673276,208.62143911572136,210.78944353711344,902821,210.78944353711344
2024-05-09,212.1691131591797,216.80076281187232,210.29673391275776,215.1254871975234,788535,215.1254871975234
2024-05-10,211.38075256347656,213.7458458780995,205.56655606017222,213.7458458780995,497448,213.7458458780995
2024-05-13,209.26199340820312,212.8589087684681,204.28542795045033,212.0705394323171,513845,212.0705394323171
2024-05-14,219.06732177734375,220.54550881357832,208.91710112115376,208.91710112115376,1238913,208.91710112115376
2024-05-15,217.78619384765625,220.10202590559032,216.20945520775723,219.8063855309975,542868,219.8063855309975
2024-05-16,225.27569580078125,230.1044337928102,219.80640111224548,219.80640111224548,2143954,219.80640111224548
2024-05-17,223.6004180908203,230.49862421130973,220.93968445172501,225.86697453778888,2308982,225.86697453778888
2024-05-21,209.45909118652344,221.67876380465836,208.4243573271656,221.58022703136882,1698932,221.58022703136882
2024-05-22,209.853271484375,212.66183271069215,203.20143019384042,209.45909431154587,1375049,209.45909431154587
2024-05-23,208.0301971435547,210.6416549207967,206.5027341823638,209.16346786872094,462557,209.16346786872094
2024-05-24,202.21597290039062,207.9316321468782,200.58997326091963,207.9316321468782,1000932,207.9316321468782
2024-05-27,203.64488220214844,205.46798544991535,199.85087806369958,205.17234505339974,670706,205.17234505339974
2024-05-28,204.5318145751953,206.35490288575085,202.0188936227526,203.54635655752335,439218,203.54635655752335
2024-05-29,205.5172576904297,207.2418090963052,203.4970658933108,206.60125240912876,637062,206.60125240912876
2024-05-30,199.09637451171875,205.51724484032817,196.4786260262359,205.31968261405424,1107383,205.31968261405424
2024-05-31,202.94891357421875,206.80144524980523,199.09639697166563,199.59031012958442,1365248,199.59031012958442
2024-06-03,207.1965789794922,213.81501257591088,205.61605077451128,212.08631644616543,1227323,212.08631644616543
2024-06-04,197.51583862304688,209.41914692264294,184.03201750370235,205.9617553460899,1675739,205.9617553460899
2024-06-05,210.2588348388672,211.88874221127915,195.44144027863788,199.54091341108804,1640962,199.54091341108804
2024-06-06,216.87725830078125,219.14926171237343,210.40699328606343,211.93812700298633,1183304,211.93812700298633
2024-06-07,241.6716766357422,244.88211182340254,217.32176654931567,217.3711608745014,6776254,217.3711608745014
2024-06-10,245.5439910888672,257.6152297034622,243.16332608385207,244.09188521928755,2992684,244.09188521928755
2024-06-11,244.2301788330078,248.78405866018474,240.05166274862327,245.524228868996,1596249,245.524228868996
2024-06-12,243.40037536621094,250.90786069171116,242.70890002458034,245.9687295757326,1032516,245.9687295757326
2024-06-13,253.77255249023438,255.84699360271244,239.00455336445256,243.74612228366524,1960493,243.74612228366524
2024-06-14,260.72686767578125,263.7397257357741,251.4906860376446,255.36297827378291,2372594,255.36297827378291
2024-06-18,256.5878601074219,264.68804715287666,251.4116452991751,261.7245684990855,1211743,261.7245684990855
2024-06-19,257.0916748046875,258.94879301658074,249.1989374771739,257.8226565981098,911327,257.8226565981098
2024-06-20,266.4365234375,268.09606446489806,256.3804584631603,257.1114403129759,1144384,257.1114403129759
2024-06-21,266.1203918457031,268.14545379245,262.0900739172115,265.72526736582205,1017084,265.72526736582205
2024-06-24,265.3696594238281,271.652219931031,262.59383991488045,271.45464262174613,712255,271.45464262174613
2024-06-25,260.22308349609375,268.68876239939556,258.9092877383369,265.3696803928094,611566,265.3696803928094
2024-06-26,254.43438720703125,260.9145243015628,252.04383467370263,258.0202009339934,928434,258.0202009339934
2024-06-27,252.99215698242188,260.78612027436867,251.25360334658268,254.3652498888255,578017,254.3652498888255
2024-06-28,253.12059020996094,257.3287397075819,252.10314544507858,253.21937886478145,631044,253.21937886478145
2024-07-01,259.008056640625,262.7124051043292,253.13047835312165,256.29153443390857,744169,256.29153443390857
2024-07-02,260.19342041015625,263.60143292877854,255.9457797210902,260.2428298088119,758166,260.2428298088119
2024-07-03,251.89569091796875,261.4776174936663,250.66090811935126,260.0452573888442,890687,260.0452573888442
2024-07-04,249.673095703125,254.61222717104042,248.98162031222344,254.61222717104042,518920,254.61222717104042
2024-07-05,256.24212646484375,256.8348282515604,241.8692664038075,248.93221815151236,1895692,248.93221815151236
2024-07-08,255.4518585205078,262.1690645477006,253.8713305887969,258.0202126412802,909828,258.0202126412802
2024-07-09,270.76318359375,292.3965726344507,267.20700303249635,292.3965726344507,10847800,292.3965726344507
2024-07-10,271.10894775390625,277.08528497934765,266.76248779423923,271.6028609178623,2843479,271.6028609178623
2024-07-11,277.08526611328125,279.11029788919467,267.0094261961904,269.13327677344734,1228836,269.13327677344734
2024-07-12,283.1603698730469,293.87829000844994,281.53046269717055,291.40872454619404,4624456,291.40872454619404
2024-07-15,288.9391784667969,291.4087440947182,280.4932760777318,284.34579242807615,1882594,284.34579242807615
2024-07-16,288.7910461425781,291.65573659473523,285.0866972442538,289.48250651595754,884259,289.48250651595754
2024-07-18,288.7416076660156,294.37222948300945,286.7659551191498,288.79101706732655,1917010,288.79101706732655
2024-07-19,281.67864990234375,289.8282164863709,278.02371085532803,287.506818763526,1100887,287.506818763526
2024-07-22,281.7774353027344,283.9506650918035,276.6901361897594,278.07308689822867,508850,278.07308689822867
2024-07-23,291.7051086425781,297.58268747435767,261.3294484273532,284.04945444199296,1545648,284.04945444199296
2024-07-24,287.30926513671875,292.89047730918173,286.4696068116786,288.5440479247001,492523,288.5440479247001
2024-07-25,286.51898193359375,291.90264686999376,280.4438567335325,286.46960268121217,1616975,286.46960268121217
2024-07-26,284.29638671875,291.40874787792546,281.87623045960635,290.91483474592894,533830,290.91483474592894
2024-07-29,282.5677185058594,287.95138423174114,280.8390223741079,285.5806069945528,518170,285.5806069945528
2024-07-30,288.9391784667969,295.36004909939237,281.777438145825,282.5676870883339,1514860,282.5676870883339
2024-07-31,289.3343200683594,291.4087613478455,285.4818034899232,290.8654689359626,581150,290.8654689359626
2024-08-01,303.2132873535156,308.69571112466343,285.48179364808874,290.1245892018299,3436418,290.1245892018299
2024-08-02,304.102294921875,311.75794780125824,298.3235057514506,300.29915810742045,1941722,300.29915810742045
2024-08-05,291.75445556640625,301.28697175840244,286.8153248818423,298.4222819905676,1555091,298.4222819905676
2024-08-06,294.3271789550781,297.6419842107965,290.2702175140867,291.9028886484463,800711,291.9028886484463
2024-08-07,300.4620666503906,308.5264962849934,291.8534233743273,297.3451435642783,1449675,297.3451435642783
2024-08-08,304.1727294921875,314.06774366042515,300.5610553602181,300.80843071442405,1362259,300.80843071442405
2024-08-09,305.3601379394531,310.2086887577932,301.99583922043263,309.71393805802,634600,309.71393805802
2024-08-12,302.4410705566406,308.4275716240961,299.8188981142203,303.677947199026,537489,303.677947199026
2024-08-13,300.8084716796875,310.35715561297627,298.0873424128482,304.0243517223157,600708,304.0243517223157
2024-08-14,309.8128662109375,311.3465811626161,298.2851819884835,300.8083982501956,967807,300.8083982501956
2024-08-16,326.98077392578125,329.00923986713934,311.6929640846583,312.3361340028556,2260791,312.3361340028556
2024-08-19,335.5399475097656,338.4094956734067,322.37956011526495,327.22814137476865,1319862,327.22814137476865
2024-08-20,336.7768249511719,338.36003331250976,329.5039832455047,336.282074225578,902281,336.282074225578
2024-08-21,349.7887268066406,350.87718432977573,334.7977874115073,335.44095724880106,1254112,335.44095724880106
2024-08-22,342.1695861816406,355.8247241842652,340.3884956669097,350.3329730690011,971908,350.3329730690011
2024-08-23,358.9416198730469,360.1784965783296,342.16955967053906,344.24751857485103,2538273,344.24751857485103
2024-08-26,367.30291748046875,372.794637958111,357.4573668543268,358.9416188966285,1565305,358.9416188966285
2024-08-28,367.8966064453125,375.9115737812691,366.41235435336444,369.6282338859185,530548,369.6282338859185
2024-08-29,365.96710205078125,372.44832419895624,362.25647176811924,367.69872951602355,681903,367.69872951602355
2024-08-30,375.41680908203125,375.96105294709184,364.1364996433851,366.1155023588383,1587107,366.1155023588383
2024-09-02,380.8096008300781,385.85606375773716,375.5652255534188,378.7811049429721,1152835,378.7811049429721
2024-09-03,400.45123291015625,405.6955783069569,380.0674978143206,381.0075060359882,2654474,381.0075060359882
2024-09-04,393.5246887207031,403.3702087783701,388.0329382529782,400.748036308627,1488568,400.748036308627
2024-09-05,412.02838134765625,414.3042527104214,392.78259702917916,393.8215614314679,1982378,393.8215614314679
2024-09-06,397.0868835449219,413.7105245051959,392.83203977734104,413.7105245051959,2645037,413.7105245051959
2024-09-09,384.7181396484375,397.7795704587951,380.0180079079418,397.7795704587951,1152714,397.7795704587951
2024-09-10,399.4122009277344,400.7480337463256,387.88451661372744,389.0224370898667,1410895,389.0224370898667
2024-09-11,406.1408386230469,410.64305765825753,396.9879511933146,408.51563580862154,1692214,408.51563580862154
2024-09-12,397.4332275390625,410.1483264491177,393.57417815473235,409.70303874442396,742540,409.70303874442396
2024-09-13,403.3207702636719,404.55764699399646,396.3942605738543,400.2533099330298,606205,400.2533099330298
2024-09-16,429.59197998046875,442.8512912568601,418.60850959732386,422.5170517804896,5188737,422.5170517804896
2024-09-17,436.336181640625,444.27046816470937,428.45147230055574,431.3276451121561,2648585,431.3276451121561
2024-09-18,416.5996398925781,440.65044708454093,413.47552047566245,437.37756584146786,2347064,437.37756584146786
2024-09-19,423.0462646484375,428.4019327360153,407.1776902067936,416.5996562815197,1847623,416.5996562815197
2024-09-20,428.89776611328125,435.39395076624555,407.77271116197744,426.0711706300977,5169061,426.0711706300977
2024-09-23,428.798583984375,432.91448887910104,426.4183041882479,426.46788137001937,661459,426.46788137001937
2024-09-24,429.69122314453125,436.385777688618,427.45970496316903,427.45970496316903,581414,427.45970496316903
2024-09-25,416.20294189453125,438.766070849172,414.4673165903281,431.0301530286279,1513570,431.0301530286279
2024-09-26,400.5823059082031,417.145142005453,399.1938117468121,416.5500644314561,800222,416.5500644314561
2024-09-27,392.2513122558594,407.17767751812653,389.82142476344245,395.7225628067962,706480,395.7225628067962
2024-09-30,395.2762145996094,408.96287666527684,392.74717294121774,401.47487578870687,1228681,401.47487578870687
2024-10-01,395.8217468261719,402.0204085145456,393.9373597262868,398.5491579690563,438095,398.5491579690563
2024-10-03,390.8628234863281,399.1938188702394,387.1436264161085,391.9041865592283,553597,391.9041865592283
2024-10-04,389.2263488769531,397.3093970844396,378.961359805172,390.86278939172394,592596,390.86278939172394
2024-10-07,379.20928955078125,397.30937958302286,368.94430093117126,397.30937958302286,1127063,397.30937958302286
2024-10-08,393.14385986328125,394.7307230949321,371.47333546913706,371.9196511572853,824176,371.9196511572853
2024-10-09,396.0696716308594,405.64039870086134,393.24307600217975,393.68939172609277,847812,393.68939172609277
2024-10-10,396.2184143066406,401.9211824725059,393.09429519089434,398.40035510294894,283767,398.40035510294894
2024-10-11,398.8962707519531,402.3675211379754,394.5323889102897,395.0282818225786,337189,395.0282818225786
2024-10-14,396.41680908203125,398.20201147253226,382.8293310794457,386.5981051335708,707528,386.5981051335708
2024-10-15,412.0374450683594,413.5747010349899,395.22666273967263,397.3589962719642,890701,397.3589962719642
2024-10-16,417.3434753417969,420.31883290440544,404.9461521642613,411.24399839182985,688178,411.24399839182985
2024-10-17,413.92181396484375,424.2859575219065,408.3678073740149,417.0459332137784,879587,417.0459332137784
2024-10-18,415.6078186035156,417.6409976107051,406.63216940988667,414.07056275275045,934061,414.07056275275045
2024-10-21,409.3100280761719,421.50898179549245,403.95436032924886,417.44265380008494,1333871,417.44265380008494
2024-10-22,407.0784912109375,409.3100092472011,398.35075806452176,405.5908125200951,895017,405.5908125200951
2024-10-23,402.9129943847656,411.8390668757512,387.14360570407143,411.8390668757512,959925,411.8390668757512
2024-10-24,349.3069763183594,411.54153623964794,340.48005834707806,406.7809461652095,4009945,406.7809461652095
2024-10-25,347.96807861328125,370.23365323914436,335.22362412782223,349.3069955914327,2608941,349.3069955914327
2024-10-28,367.5062561035156,371.8701383122492,342.1165610721782,347.9680918760114,1659922,347.9680918760114
2024-10-29,373.0106201171875,376.87857842128943,363.04315534353793,365.9689353617258,1894222,365.9689353617258
2024-10-31,386.9948425292969,390.91237839316676,374.94462049508417,375.83725195458254,510928,375.83725195458254
2024-11-01,395.3753662109375,401.67321150645535,391.55698518397804,394.28439587939226,158310,394.28439587939226
2024-11-04,396.317626953125,396.7143352349796,384.614535903552,395.3754183001812,576560,395.3754183001812
2024-11-06,393.0943298339844,396.71434215274775,380.895345652646,380.895345652646,1207441,380.895345652646
2024-11-07,386.8956604003906,403.5080731415145,383.02770169613615,396.9622805752137,1046367,396.9622805752137
2024-11-08,379.2588806152344,389.7222388756724,374.99421381855564,386.8460358668096,533056,386.8460358668096
2024-11-11,368.1012878417969,380.300271150558,366.96074024307006,378.3662767641385,415733,378.3662767641385
2024-11-12,355.3072509765625,376.8785914057048,353.075733001134,369.09306708249653,856664,369.09306708249653
2024-11-13,362.4977111816406,368.8947417210181,350.1499658212239,356.745365628063,927633,356.745365628063
2024-11-14,352.2823181152344,366.71278898263915,351.0921630827702,363.48948522552337,895400,363.48948522552337
2024-11-18,340.5296630859375,352.4806699605149,337.9014367492309,352.2823309591394,875979,352.2823309591394
2024-11-19,337.7526550292969,351.43931775404695,335.0252439747552,341.7694058333993,808162,341.7694058333993
2024-11-21,348.1664123535156,350.44753798056666,329.47127319693004,333.83512490633325,1121455,333.83512490633325
2024-11-22,345.6373596191406,349.55492573019274,343.25707969522983,348.56313990632145,327925,348.56313990632145
2024-11-25,351.73681640625,353.5716261295871,345.24063173559387,347.075441458931,613382,347.075441458931
2024-11-26,359.37359619140625,371.9196807003167,352.87738094170004,364.9276028099112,1124287,364.9276028099112
2024-11-27,378.3663024902344,381.4904218702595,359.37360948021245,362.00183593430023,884470,362.00183593430023
2024-11-28,388.0857849121094,392.6976132558064,376.23396235061614,379.7547899561401,1008182,379.7547899561401
2024-11-29,393.8381652832031,396.4663917202761,381.34165757710105,389.7718372634609,694348,389.7718372634609
2024-12-02,398.4995422363281,403.9047872230537,387.88745180644685,393.83816690365575,833225,393.83816690365575
2024-12-03,410.1034240722656,411.5911027569292,394.5323750660265,398.4995182251294,655366,398.4995182251294
2024-12-04,416.996337890625,422.5007367913582,406.92968814087925,412.979587373666,1387314,412.979587373666
2024-12-05,423.64129638671875,424.9306360806812,419.0294984921966,419.2278677580063,510307,419.2278677580063
2024-12-06,424.533935546875,427.16219235304357,417.4426725295314,423.49257247541806,612751,423.49257247541806
2024-12-09,437.9726257324219,439.16275056053934,424.48433247878125,425.9224340296872,766165,425.9224340296872
2024-12-10,435.8898620605469,447.8904763754347,431.4268259302341,438.6172730290713,847136,438.6172730290713
2024-12-11,423.7405090332031,435.8898858281867,419.3766572989977,435.8898858281867,718282,435.8898858281867
2024-12-12,431.5755920410156,436.1378128507654,421.80649569410485,423.294174419008,587346,423.294174419008
2024-12-13,427.95556640625,441.3446745093424,424.4843161573001,430.43503086978563,957784,430.43503086978563
2024-12-16,414.3185119628906,429.244875930437,412.88041046691166,427.95556651582837,400446,427.95556651582837
2024-12-17,426.6662902832031,428.4514927294816,415.7566457924061,417.7402175180056,670810,417.7402175180056
2024-12-18,421.5585632324219,424.13721249455864,411.7894968281552,423.8892660321782,472356,423.8892660321782
2024-12-19,415.2607116699219,421.01305699680506,409.70670533578317,413.0787708814354,350980,413.0787708814354
2024-12-20,408.81414794921875,418.5336373738892,404.89658165376835,415.3103332945879,557623,415.3103332945879
2024-12-23,398.84661865234375,415.706975782761,394.8298986192094,412.5332796595271,490862,412.5332796595271
2024-12-24,400.3839416503906,405.09492422490695,395.9209055271646,398.6483164913583,339376,398.6483164913583
2024-12-26,397.0614318847656,401.5740449498126,393.7389435620336,400.6814438263516,254276,400.6814438263516
2024-12-27,399.4417419433594,403.6568317093663,395.72254509100037,395.72254509100037,292500,395.72254509100037
2024-12-30,418.4344177246094,420.12046567024737,400.13598810398656,400.13598810398656,886084,400.13598810398656
2024-12-31,415.657470703125,421.261054903314,408.2686537487364,418.5336437179482,385764,418.5336437179482
2025-01-01,428.6994323730469,433.9063080698855,416.5996329326801,418.6328120792059,951725,418.6328120792059
2025-01-02,427.1125183105469,438.1213459602103,423.98839931633256,430.8317147957779,512094,430.8317147957779
2025-01-03,427.60845947265625,431.32765637796217,424.48434012557965,427.01338191442693,366248,427.01338191442693
2025-01-06,403.4089050292969,427.0630042233012,398.0532673527249,427.0630042233012,702781,427.0630042233012
2025-01-07,423.34375,429.9391191305139,402.6650112271941,403.4088505336483,898168,403.4088505336483
2025-01-08,413.1779479980469,425.327323391283,409.75627506625347,424.9801923266679,318575,424.9801923266679
2025-01-09,406.3346862792969,416.2029376041849,404.74782282128837,416.2029376041849,287255,416.2029376041849
2025-01-10,399.4417419433594,406.0867190930014,384.36658526170356,404.15272462301414,1162553,404.15272462301414
2025-01-13,382.87890625,410.74809403068235,379.90354877021684,399.6896881175353,748544,399.6896881175353
2025-01-14,385.4079895019531,392.7471987792969,377.22575619405114,389.7718412127871,329325,389.7718412127871
2025-01-15,397.2597961425781,400.18557640396483,384.8624734534838,384.8624734534838,424506,384.8624734534838
2025-01-16,397.6565246582031,403.65681658171167,396.7143160508223,402.56584615919184,205782,402.56584615919184
2025-01-17,392.4992370605469,398.10282087297105,391.11074297018797,396.71432678261215,141783,396.71432678261215
2025-01-20,395.3753662109375,396.71428296933857,385.8046401876818,392.7471401396452,265443,392.7471401396452
2025-01-21,384.1682434082031,399.5905008015523,382.33343358792877,393.24307760729897,334630,393.24307760729897
2025-01-22,387.49072265625,389.7222406975512,375.73805491868393,385.1600199819554,350241,385.1600199819554
2025-01-23,397.2597961425781,399.6401063124051,382.82932463923277,386.9948371695289,234514,386.9948371695289
2025-01-24,396.0696716308594,403.50806525006834,392.201713002251,398.896267259539,550779,398.896267259539
2025-01-27,367.2582702636719,394.1356715431895,359.1256448498519,393.2430703750374,1553935,393.2430703750374
2025-01-28,353.8691711425781,371.17584593908356,323.3717569471825,367.2582798137274,1308928,367.2582798137274
2025-01-29,368.64678955078125,370.87830757405015,353.77000272898863,357.39001480224476,457540,357.39001480224476
2025-01-30,365.8202209472656,373.75450783665445,351.9847960771328,369.9361262177556,433642,369.9361262177556
2025-01-31,386.8956604003906,389.27594035170864,362.54729998385613,365.8697885854612,562633,365.8697885854612
2025-02-01,382.1350402832031,390.71401129966364,375.63885567790925,381.9862784729482,314698,381.9862784729482
2025-02-03,368.20050048828125,389.77184294113005,363.489517653751,382.1350797131306,513321,382.1350797131306
2025-02-04,382.15386962890625,383.5442666257398,370.58398815819794,373.7123207856319,487360,373.7123207856319
2025-02-05,391.5389099121094,394.26999932811015,379.37314796810597,382.70011750005125,372637,382.70011750005125
2025-02-06,398.2424621582031,399.8811096192553,383.59389278954103,391.2905987290075,353364,391.2905987290075
2025-02-07,397.6466064453125,402.16533613570493,388.01332757371017,397.2990071910175,328887,397.2990071910175
2025-02-10,394.0216979980469,408.5709493421018,383.9415018297732,397.24934895833337,656909,397.24934895833337
2025-02-11,379.1248474121094,394.76654052734375,375.5495972099404,392.43269454066956,405082,392.43269454066956
2025-02-12,388.460205078125,394.86586301957146,369.24326156150585,379.07520729632523,584996,379.07520729632523
2025-02-13,390.7940368652344,403.45635953367594,388.31122849887333,389.3043518454177,573578,389.3043518454177
2025-02-14,383.99114990234375,396.45486654125455,379.42277627986886,391.93613696483203,584236,391.93613696483203
2025-02-17,374.01025390625,385.2822098165389,364.52590787531767,380.66416206404966,567174,380.66416206404966
2025-02-18,359.560302734375,382.35249611966094,356.58093263474126,374.0102659022305,442554,374.0102659022305
2025-02-19,382.84906005859375,384.3387451171875,356.03472900390625,359.5106608072917,477046,359.5106608072917
2025-02-20,379.2738342285156,387.16917766950434,375.9468646556549,378.3800291974676,416005,378.3800291974676
2025-02-21,373.6626892089844,387.1194995145515,369.6405514548734,381.3097517158849,384878,381.3097517158849
2025-02-24,365.3700866699219,372.8681863987851,357.5740620491443,371.4281453698512,342254,371.4281453698512
2025-02-25,354.74365234375,369.1439400906694,352.60841301786024,366.11489586272126,386428,366.11489586272126
2025-02-27,351.069091796875,356.48162598585475,345.70623195826835,354.29674257011357,345999,354.29674257011357
2025-02-28,337.21502685546875,348.437339077673,327.2837931939003,346.15313715088035,1389102,346.15313715088035
2025-03-03,332.05078125,338.4067643052685,313.82696264259675,332.69630533313267,1100357,332.69630533313267
2025-03-04,317.30291748046875,332.19976806640625,315.813232421875,325.64514774704975,922846,325.64514774704975
2025-03-05,334.9308776855469,337.0660870043551,319.140221166809,320.3319511014424,910533,320.3319511014424
2025-03-06,347.4442138671875,355.33952640159197,335.6756959791554,335.6756959791554,782328,335.6756959791554
2025-03-07,347.642822265625,354.0484801016317,346.6000548540518,347.891103107211,374629,347.891103107211
2025-03-10,346.6993713378906,360.2554991520904,343.17376522220457,350.42358394111693,704181,350.42358394111693
2025-03-11,342.0317077636719,346.79871847548594,334.73224439488195,334.73224439488195,330700,334.73224439488195
2025-03-12,339.3999328613281,345.6069543108769,338.208172619926,342.47862156184874,240666,342.47862156184874
2025-03-13,332.2494201660156,341.6840924324825,327.73072083516456,341.6344483857473,350927,341.6344483857473
2025-03-17,339.2509765625,345.40832376752087,332.2494380557596,332.6963557313235,437763,332.6963557313235
2025-03-18,354.9422912597656,356.28301388925536,340.8399573963772,342.52824896397277,463408,342.52824896397277
2025-03-19,369.2929382324219,372.37162679962614,355.88577248196646,358.5175434010673,600842,358.5175434010673
2025-03-20,373.26544189453125,379.3235007925295,370.43503409792237,371.87507517393857,528138,371.87507517393857
2025-03-21,378.67791748046875,382.3524859621537,369.5908449795354,376.2944275256251,332710,376.2944275256251
2025-03-24,387.06982421875,391.14163600010625,381.60764581412366,382.05456344304446,423621,382.05456344304446
2025-03-25,369.34259033203125,391.09198696212263,367.306699463437,387.0698492723744,484223,387.0698492723744
2025-03-26,362.24176025390625,378.3800155085354,361.4969177036926,370.4350283062564,350616,370.4350283062564
2025-03-27,374.1592102050781,385.33184753701477,355.6871104213992,364.0293402343682,1533872,364.0293402343682
2025-03-28,378.3800048828125,393.27685546875,375.2516723213097,377.784124797831,1072820,377.784124797831
2025-04-01,359.90789794921875,385.92774198478446,358.66649375492113,380.11796429392774,1006477,380.11796429392774
2025-04-02,367.3563537597656,370.683323339562,343.07450387835127,360.4044896917765,1226158,360.4044896917765
2025-04-03,364.128662109375,365.5687030579032,356.3823122749194,358.5175213683395,584824,358.5175213683395
2025-04-04,350.3242492675781,365.66801660309375,347.394523366066,362.4900098729015,641588,362.4900098729015
2025-04-07,334.53363037109375,338.65508650603044,286.2678260567838,291.7796489193505,688475,291.7796489193505
2025-04-08,338.6550598144531,350.3739031336251,337.761254867689,340.44266970798134,309490,340.44266970798134
2025-04-09,319.14019775390625,330.7100788347803,305.88199483817516,330.7100788347803,3656454,330.7100788347803
2025-04-11,351.91326904296875,354.24711500293614,330.71007922340755,348.0897380414545,3522923,348.0897380414545
2025-04-15,358.02099609375,360.90104797581694,351.8139746635532,354.2471391872791,834614,354.2471391872791
2025-04-16,348.93389892578125,361.8445026179261,347.79181312225086,358.0209716167854,490902,358.0209716167854
2025-04-17,354.7933349609375,358.5175477142014,347.59319030462734,347.79182710788984,723388,347.79182710788984
2025-04-21,354.9422912597656,360.4044698699145,344.6634581773051,357.52441811883466,1024151,357.52441811883466
2025-04-22,358.7161865234375,365.22113271242625,354.9422993943936,354.9422993943936,860246,354.9422993943936
2025-04-23,365.61834716796875,372.371603983486,359.26236392985504,363.33417563649186,667323,363.33417563649186
2025-04-24,361.99346923828125,371.77574051792425,359.85826004917425,365.4694010416667,511541,365.4694010416667
2025-04-25,352.80706787109375,366.7107946837477,346.1531293448074,362.49002047276343,743832,362.49002047276343
2025-04-28,353.05535888671875,356.7795715332031,349.48010868454975,350.5725504557292,369583,350.5725504557292
2025-04-29,349.9766845703125,355.83610664363755,347.7421568917606,353.6015789650857,237528,353.6015789650857
2025-04-30,344.1669006347656,357.3257856269502,342.1806538434925,349.97667856078374,732011,349.97667856078374
2025-05-02,339.2012634277344,351.56566108912597,334.98048924799207,342.67719510516923,556387,342.67719510516923
2025-05-05,342.27996826171875,345.3090127677958,336.8674640031136,341.63444412361065,580717,341.63444412361065
2025-05-06,332.5473937988281,347.0966463018684,330.7101093519948,343.62071422159215,339639,343.62071422159215
2025-05-07,348.5863037109375,350.47323205694556,327.730712890625,329.7169596354167,725652,329.7169596354167
2025-05-08,346.500732421875,356.9782019994562,343.22343747418245,349.0332151612007,442988,349.0332151612007
2025-05-09,357.0774841308594,360.8016966491525,332.8452807400424,333.88807842979594,1662513,333.88807842979594
2025-05-12,364.02935791015625,368.15084412779026,359.113415430037,363.4831521816052,536044,363.4831521816052
2025-05-13,367.6543273925781,369.44193754794645,358.7162160002891,360.8017510789776,421804,360.8017510789776
2025-05-14,366.2142333984375,372.91781597590045,363.2845074081623,371.577093398864,397263,371.577093398864
2025-05-15,360.7520751953125,368.796380800097,359.5106709448125,367.45565814801273,479698,367.45565814801273
2025-05-16,368.2998352050781,381.1607656180146,363.58249884689616,372.421291435419,1943285,372.421291435419
2025-05-19,381.50836181640625,386.7719342109917,369.5908805863258,371.17988414521426,1038449,371.17988414521426
2025-05-20,374.7054138183594,384.9346021254311,372.8184855854722,384.5373588618314,672523,384.5373588618314
2025-05-21,395.4120788574219,400.2287334480556,372.7192029217137,374.40752483850366,2270883,374.40752483850366
2025-05-22,399.4838562011719,407.32952438198805,394.81616446554125,396.60380462944426,1306550,396.60380462944426
2025-05-23,410.3089294433594,421.0843244683024,395.6603591935776,400.0300961217988,2769305,400.0300961217988
2025-05-26,418.3036193847656,420.8857161710666,411.4013991171639,412.2952041822468,1397658,412.2952041822468
2025-05-27,409.5640869140625,418.0553102270692,407.5778401004078,418.0056358720951,439261,418.0056358720951
2025-05-28,419.4953308105469,422.07745779033803,404.89643457278476,410.1599766291991,1044226,410.1599766291991
2025-05-29,421.03466796875,424.0636821467098,415.4234966403047,422.07743539192427,473703,422.07743539192427
2025-05-30,436.875,438.81160285239116,417.1118493881534,421.97814823613743,1878828,421.97814823613743
2025-06-02,442.8337097167969,456.538830565123,435.0376851110501,436.87496942823435,1696003,436.87496942823435
2025-06-03,442.982666015625,445.9123920732701,426.1492431186491,441.9398986026842,1254116,441.9398986026842
2025-06-04,440.052978515625,445.86275638682014,437.47085164979154,443.6282287677236,432735,443.6282287677236
2025-06-05,453.41046142578125,461.7527219611052,442.23782353852954,443.9261453868022,1576693,443.9261453868022
2025-06-06,474.06744384765625,480.62206411133354,456.04226085333363,458.82299414933254,3116359,458.82299414933254
2025-06-09,468.1583557128906,480.6717163742605,465.7748656601822,479.28134970249056,722738,479.28134970249056
2025-06-10,465.5762023925781,471.23701746519475,457.0353660482353,470.74045580295535,704214,470.74045580295535
2025-06-11,462.5472106933594,475.75573942313594,459.4685221773883,466.27142333984375,721256,466.27142333984375
2025-06-12,460.7596130371094,468.10872012733535,457.3333251878579,463.39138398261804,387882,463.39138398261804
2025-06-13,455.6449890136719,460.61060585256416,442.1385354580607,447.8986388680878,518977,447.8986388680878
2025-06-16,447.89862060546875,457.8298538783173,441.4433189781172,450.8779905873233,698392,450.8779905873233
2025-06-17,438.9109191894531,454.7015759231461,437.272241256977,447.8986742548484,563905,447.8986742548484
2025-06-18,434.93841552734375,444.67101295639964,432.65421346822785,438.86123486627923,329123,438.86123486627923
2025-06-19,421.77947998046875,439.1591378271939,417.26075075568934,434.9880078208926,583405,434.9880078208926
2025-06-20,429.8734436035156,440.8474443829087,420.24013508639507,420.24013508639507,2432600,420.24013508639507
2025-06-23,402.81085205078125,418.30358295806525,386.5236345565475,417.1118227699201,4894648,417.1118227699201
2025-06-24,438.66259765625,445.7137492246215,399.4838692114886,412.1461919770485,11285100,412.1461919770485
2025-06-25,445.8130798339844,448.24624424142104,429.1286191501114,438.6626096727761,2446551,438.6626096727761
2025-06-26,438.36468505859375,451.8711700490777,436.03083888800455,445.7137925319134,1035184,445.7137925319134
2025-06-27,479.9268798828125,495.27064843464257,438.2653414046616,439.65573840166275,6801972,439.65573840166275
2025-06-30,483.10491943359375,488.0208623779291,474.46473320504384,479.97655628716245,2534433,479.97655628716245
2025-07-01,472.6770935058594,482.6083274880586,462.6961851691167,481.6648481366613,1649334,481.6648481366613
2025-07-02,491.3478088378906,496.56170675885863,472.0315463218825,473.6702242003638,2247461,473.6702242003638
2025-07-03,496.1147766113281,505.4004863555202,489.9077554330875,493.5823240936942,3423372,493.5823240936942
2025-07-04,483.9986877441406,498.89553851922824,478.6854715728153,497.2568909955127,1133837,497.2568909955127
2025-07-07,481.9627685546875,488.169789735887,474.71297993813477,485.63733721704585,876617,485.63733721704585
2025-07-08,478.586181640625,487.6236110432978,476.2026914363774,480.67174693473754,761374,480.67174693473754
2025-07-09,490.5533142089844,494.2775269487801,473.5212236994751,480.1255185375563,1253122,480.1255185375563
2025-07-10,492.6388244628906,502.6197322910845,487.4746012399079,494.5754271138337,883673,494.5754271138337
2025-07-11,481.16827392578125,495.3202819824219,479.13238313545787,486.63045247395837,699167,486.63045247395837
2025-07-14,478.43719482421875,488.5173912068174,475.209543795306,484.4952535861837,544539,484.4952535861837
2025-07-15,487.82220458984375,496.46235960240415,477.0964541604218,478.4371767525645,1411907,478.4371767525645
2025-07-16,498.74658203125,501.5273154193979,486.6304644663465,486.6304644663465,1618740,486.6304644663465
2025-07-17,505.5494384765625,514.9841104747879,499.04449253771605,502.7190611232708,2468246,502.7190611232708
2025-07-18,500.1369323730469,509.47228593685657,497.45548716608073,507.4363951629259,966248,507.4363951629259
2025-07-21,498.9948425292969,501.4776509202124,489.4111778941871,500.5341716085766,659825,500.5341716085766
2025-07-22,493.929931640625,507.3370976109027,492.2416097286868,501.42800122683997,504786,501.42800122683997
2025-07-23,484.3462829589844,497.7534485449688,481.7641561179174,494.8733665062478,658353,494.8733665062478
2025-07-24,487.32568359375,491.2485029927913,477.29513079926556,486.63048506342767,1160192,486.63048506342767
2025-07-25,484.89251708984375,496.16447413750126,478.735139670376,489.46089095192735,938921,489.46089095192735
2025-07-28,477.2951354980469,491.3974702846958,473.7198850212477,484.6938870060933,677536,484.6938870060933
2025-07-29,497.25689697265625,500.4348736582426,475.5571446878985,476.5005937303622,909515,476.5005937303622
2025-07-30,497.6044616699219,504.30804454209596,493.08576237547055,496.56169423511636,641544,496.56169423511636
2025-07-31,483.10491943359375,494.2278840054153,478.4868710965658,478.6855079117345,868110,478.6855079117345
2025-08-01,474.6957092285156,487.682655163121,468.92374000650295,483.15464744327954,739168,483.15464744327954
2025-08-04,483.4034118652344,485.3440038447666,470.864274572466,476.9845587361529,487320,476.9845587361529
2025-08-05,472.0585021972656,485.3937630106628,469.47105627940573,483.4034246692556,574914,483.4034246692556
2025-08-06,465.888427734375,478.1290264025698,456.7826361594747,472.0584885625856,726693,472.0584885625856
2025-08-07,458.9720153808594,464.59471489717015,449.56765494452907,458.7729694065919,711306,458.7729694065919
2025-08-08,452.8019714355469,459.0715250458241,447.97539489676376,456.7826481075077,863243,456.7826481075077
2025-08-11,465.3410949707031,467.82901781553136,437.874420689769,449.0700734914961,948318,449.0700734914961
2025-08-12,454.4440002441406,465.73917651791123,453.15029245742994,463.3507765585167,527269,463.3507765585167
2025-08-13,456.8821716308594,461.31065621148576,452.20486438779255,458.07635641174784,400998,458.07635641174784
2025-08-14,443.5966796875,460.66382573156363,441.9048798659245,459.7681795078519,436975,459.7681795078519
2025-08-18,444.09423828125,451.7570529722032,441.0092078068343,448.7715454879595,570837,448.7715454879595
2025-08-19,452.2546081542969,454.79227720288293,444.1439557198755,444.5917939614616,533514,444.5917939614616
2025-08-20,452.30438232421875,454.9415745189653,446.6816826553849,454.79230521929145,397071,454.79230521929145
2025-08-21,446.68170166015625,456.2850783696971,445.4874864716506,452.85173248035863,404484,452.85173248035863
2025-08-22,431.5053405761719,449.9159694698287,428.17151791869554,446.6816697993214,726704,446.6816697993214
2025-08-25,426.1811828613281,437.0782970580323,423.9917986121701,431.50534381757245,565840,431.50534381757245
2025-08-26,435.4362487792969,441.0092020849425,422.648349517159,422.94688811364887,2014409,422.94688811364887
2025-08-28,424.0415954589844,436.3816872689561,419.9613957297594,435.4860410772124,884376,435.4860410772124
2025-08-29,419.3145446777344,428.1217980916079,417.97106019593105,424.14112132783714,573771,424.14112132783714
2025-09-01,429.9130859375,433.14738577383537,419.31454024015477,419.9613941333912,502460,419.9613941333912
2025-09-02,434.5903625488281,438.91932388184244,429.21642505791874,432.89856291351947,312409,432.89856291351947
2025-09-03,447.22900390625,448.82128059881273,434.6401204025088,435.7845588355485,913161,435.7845588355485
2025-09-04,438.6208190917969,457.7778259381204,435.0879806266401,452.8019800040104,800894,452.8019800040104
2025-09-05,440.95947265625,442.65124205137704,435.8841037305621,438.37202669706073,399504,438.37202669706073
2025-09-08,442.800537109375,446.830960125025,436.82952205202497,441.4072759665375,470865,441.4072759665375
2025-09-09,437.97393798828125,445.73624501525165,435.98359973827326,444.64155290371696,280022,444.64155290371696
2025-09-10,451.209716796875,452.80199361769337,439.46673218737897,440.81021670401174,939096,440.81021670401174
2025-09-11,460.9623718261719,465.73917169550043,450.911157132217,451.25947241584896,1168941,451.25947241584896
2025-09-12,460.56427001953125,463.748823444464,455.4889316556385,460.4150007212083,750449,460.4150007212083
2025-09-15,457.67828369140625,462.75365240471416,451.80679181019406,459.56909899279293,666815,459.56909899279293
2025-09-16,456.0860290527344,460.4150211167792,455.24015953471655,459.66864422194914,331922,459.66864422194914
2025-09-17,459.8179016113281,464.74400113761453,457.230486072423,458.7729861337051,338773,458.7729861337051
2025-09-18,461.95751953125,465.54010408170245,457.77779706218683,462.753642682428,328800,462.753642682428
2025-09-19,471.4819030761719,478.7124557938921,461.40898906503173,463.752691550333,1555710,463.752691550333
2025-09-22,455.4250793457031,472.03041142226675,451.0867416662396,471.3323073584966,902803,471.3323073584966
2025-09-23,428.746826171875,457.7687741495452,420.46910234302203,457.7687741495452,2373426,457.7687741495452
2025-09-24,431.0905456542969,432.7859977999257,419.87072231453783,432.7859977999257,998864,432.7859977999257
2025-09-25,424.50823974609375,431.38972525121915,421.41654903053933,431.29001783758713,600010,431.29001783758713
2025-09-26,414.6347961425781,423.6106546279256,410.8948551070167,422.56348331225564,699444,422.56348331225564
2025-09-29,403.2154846191406,416.8787476122995,401.4203251529917,416.6294182177945,819502,416.6294182177945
2025-09-30,404.51202392578125,414.28572421406477,396.93240409215434,403.8637735740808,989046,403.8637735740808
2025-10-01,400.2235412597656,407.9028989646837,398.0793145039408,406.5066604098944,1197407,406.5066604098944
2025-10-03,402.7667236328125,406.9554393411521,400.22354546116384,402.9163151874464,574701,402.9163151874464
2025-10-06,393.0927429199219,404.1131211370252,392.0455715690099,402.9163277910809,636709,402.9163277910809
2025-10-07,396.0846862792969,402.5672508024792,392.5442209063077,396.13457042167545,933544,396.13457042167545
2025-10-08,393.1924743652344,397.92973309252636,384.116877874226,397.92973309252636,822240,397.92973309252636
2025-10-09,385.81231689453125,395.63590127158756,384.16674895341527,393.9404491893968,487799,393.9404491893968
2025-10-10,400.9715270996094,402.81657073844224,382.9699566749813,385.9619094615046,1062896,385.9619094615046
2025-10-13,399.2262268066406,401.17100831895635,390.0509230630139,400.921678916645,606115,400.921678916645
2025-10-14,406.30718994140625,408.8004839769275,395.6857634372292,399.9243632976154,1068851,399.9243632976154
2025-10-15,411.69268798828125,417.62673980880675,405.9082581544701,407.9527470347695,1127024,407.9527470347695
2025-10-16,412.5903015136719,414.7843819627722,403.91362625683064,413.88680221378945,698454,413.88680221378945
2025-10-17,418.0755615234375,421.865356332754,409.4487396990273,413.88681531464044,835361,413.88681531464044
2025-10-20,421.4664306640625,422.7130776842261,408.65089320963676,421.7157600680952,814251,421.7157600680952
2025-10-21,429.744140625,431.2401170001873,424.00956452011525,425.10661994906275,332650,425.10661994906275
2025-10-23,424.358642578125,432.58651285137887,420.369372142608,431.88837835087617,939327,431.88837835087617
2025-10-24,424.80743408203125,428.64708240476835,419.0229738742108,426.303410447477,582749,426.303410447477
2025-10-27,421.765625,426.85195106478494,419.37206874472446,426.8020973569389,456808,426.8020973569389
2025-10-28,414.5849304199219,423.3114592499659,413.8867959392315,421.71574503390013,272575,421.71574503390013
2025-10-29,421.4664306640625,422.31415672491744,413.2385603309826,416.8787635427167,325372,416.8787635427167
2025-10-30,416.0310363769531,422.7130765615711,412.24124162000805,422.7130765615711,631313,422.7130765615711
2025-10-31,419.3720703125,429.84390559973247,407.1050754360296,428.64711224976105,1656736,428.64711224976105
2025-11-03,413.9865417480469,419.3221969939132,407.9028983023596,418.8733918997335,1103629,418.8733918997335
2025-11-04,402.51739501953125,416.62943316775255,397.92972790887677,413.8868097297841,976510,413.8868097297841
2025-11-06,406.6064147949219,410.44606336783164,400.9216920615525,405.9082802712733,793888,405.9082802712733
2025-11-07,403.2154846191406,406.9055718321009,397.5307926858577,406.8557181274868,441924,406.8557181274868
2025-11-10,403.61444091796875,405.55919195737886,395.4862782094714,404.76135005952614,615428,404.76135005952614
2025-11-11,406.057861328125,407.30450834831186,399.1763758638371,401.4203405001735,412651,401.4203405001735
2025-11-12,415.0835876464844,416.38008832206265,404.91093618864056,407.8530352145444,575264,407.8530352145444
2025-11-13,409.1495361328125,415.0337037523933,406.25732124546437,415.0337037523933,525520,415.0337037523933
2025-11-14,411.7924499511719,414.8342870329397,407.9527709268822,411.1940532764209,388042,411.1940532764209
2025-11-17,411.5431213378906,415.88145919360085,409.19941877807304,412.3409937176792,319275,412.3409937176792
2025-11-18,406.80584716796875,414.13613769106496,401.7195212681233,413.8868082884816,609018,413.8868082884816
2025-11-19,413.4878845214844,419.87071109709956,406.85572854498014,406.85572854498014,703088,406.85572854498014
2025-11-20,407.1549072265625,416.6792780627192,405.80852238925155,415.28303952005945,310767,415.28303952005945
2025-11-21,408.451416015625,409.3988799217653,400.3731677031367,406.65625648745385,331203,406.65625648745385
2025-11-24,400.9715270996094,407.85304285718706,398.9270382031055,406.9055789671676,236651,406.9055789671676
2025-11-25,403.664306640625,405.9082712853227,398.92704794626314,400.02410341525905,218169,400.02410341525905
2025-11-26,403.91363525390625,408.6508939389829,402.5173966759747,408.6508939389829,173793,408.6508939389829
2025-11-27,403.86376953125,408.4015523834458,402.916305648137,404.86108711948793,250647,404.86108711948793
2025-11-28,407.20477294921875,411.69270224889004,401.91900172611554,404.41229578148847,419546,404.41229578148847
2025-12-01,414.1361389160156,416.82890864616866,406.50666526153975,411.89217428612756,518534,411.89217428612756
2025-12-02,414.2857360839844,415.73185881712624,407.1549211395355,413.83696141335724,385052,413.83696141335724
2025-12-03,400.9715270996094,414.983857577924,399.12651389649415,413.3881433379681,359991,413.3881433379681
2025-12-04,407.50396728515625,408.55113856475566,399.1763594456795,399.1763594456795,345637,399.1763594456795
2025-12-05,395.3367004394531,406.55652372003897,392.0455644514354,406.10774905024664,479787,406.10774905024664
2025-12-08,392.4444885253906,397.4310766896268,386.1613996127405,392.7436716409573,502278,392.7436716409573
2025-12-09,389.6520080566406,395.9350969165452,361.22845575910526,378.9806973004715,3907191,378.9806973004715
2025-12-10,386.560302734375,390.9484940291918,377.8836275548483,390.9484940291918,782988,390.9484940291918
2025-12-11,381.22467041015625,386.6101796146143,380.0777612037182,385.96192923147277,274810,385.96192923147277
2025-12-12,380.975341796875,383.8177031827652,378.5817855271798,381.92280573741147,618326,381.92280573741147
2025-12-15,382.7704772949219,384.2165999687668,377.2353768674524,379.479341435732,465049,379.479341435732
2025-12-16,400.2734375,401.61982238970353,380.0278713185962,380.9753352428332,886461,380.9753352428332
2025-12-17,395.3865661621094,403.51469833956617,391.9956620467086,399.92434896989994,409977,399.92434896989994
2025-12-18,394.6385803222656,398.02945402208985,389.1533336080531,392.9431282544948,243502,392.9431282544948
2025-12-19,400.2734375,401.32060883881456,392.19515859749777,394.6385989690233,356357,394.6385989690233
2025-12-22,403.2154846191406,405.8085164091357,395.88522476926835,395.9350784738825,334791,395.9350784738825
2025-12-23,404.1629638671875,408.4015637350112,400.92168161532237,405.45946459364626,381598,405.45946459364626
2025-12-24,403.01605224609375,405.3098705745672,397.92972634848087,403.8138941597233,394816,403.8138941597233
2025-12-26,399.87451171875,404.8112156739173,397.92973018640873,402.9163182839828,259597,402.9163182839828
2025-12-29,391.09808349609375,403.7141448148612,389.10344833310387,400.92166776096224,291370,400.92166776096224
2025-12-30,381.22467041015625,393.79087884437126,376.5372652968817,393.79087884437126,1499128,393.79087884437126
2025-12-31,388.4053649902344,389.85145729905116,380.127610361176,381.72332466376594,329481,381.72332466376594
2026-01-01,385.0643310546875,388.90400989791766,380.9753228117114,388.7543879094959,227277,388.7543879094959
2026-01-02,389.4026794433594,390.1007835204821,382.1721266511945,386.4605802708807,244236,386.4605802708807
2026-01-05,379.5791015625,388.15603939186155,372.6477317593271,387.9565636886851,925919,387.9565636886851
2026-01-06,377.7839050292969,380.5764126470375,372.7973168930299,379.97801598354175,469354,379.97801598354175
2026-01-07,380.177490234375,381.47399097057587,373.29597428397807,377.734049882629,444632,377.734049882629
2026-01-08,365.51690673828125,384.4659414668688,364.1206681612132,380.4766709976925,639772,380.4766709976925
2026-01-09,365.21771240234375,369.50616585061454,360.9791126591181,364.22039481570243,462745,364.22039481570243
2026-01-12,362.7742919921875,366.0654280339115,356.2418736165127,365.2675860952266,479565,365.2675860952266
2026-01-13,373.0965270996094,383.96728305212326,350.35766714054614,356.3415728504494,1147341,356.3415728504494
2026-01-14,369.90509033203125,373.84450701118686,363.72173949721247,373.0965188140599,457364,373.0965188140599
2026-01-16,363.52227783203125,369.00752482263806,361.1785753034464,368.9576711151928,180639,368.9576711151928
2026-01-19,354.3968200683594,361.72711061522426,353.3496183126826,361.2783055148316,188061,361.2783055148316
2026-01-20,336.3453674316406,354.44667615215974,332.25635910144365,354.0477551912007,715385,354.0477551912007
2026-01-21,336.9936218261719,344.8225713259215,333.20382699817884,335.09872441217533,579719,335.09872441217533
2026-01-22,348.8616943359375,350.3576707789488,339.93571982073485,340.035457670746,301606,340.035457670746
2026-01-23,344.97216796875,350.2579697586471,338.58934111585995,349.0113227000467,382311,349.0113227000467
2026-01-27,355.2944030761719,357.139446765255,336.6445513579563,345.07189744380486,406352,345.07189744380486
2026-01-28,356.9399719238281,359.33352813684184,346.2188074543731,357.03970977347836,428769,357.03970977347836
2026-01-29,359.882080078125,363.8713506779973,348.7121102241948,359.98181793026566,545494,359.98181793026566
2026-01-30,371.79998779296875,374.94156257045074,354.9952106408769,357.0895532449081,427515,357.0895532449081
2026-02-02,360.3999938964844,366.5,350.0,360.0,268575,360.0
2026-02-03,411.8999938964844,424.1000061035156,392.8500061035156,424.1000061035156,3686183,424.1000061035156
2026-02-04,408.8999938964844,414.6000061035156,403.3999938964844,414.0,891094,414.0
2026-02-05,396.5,408.1000061035156,391.6000061035156,406.1000061035156,756432,406.1000061035156
2026-02-06,400.6000061035156,403.3999938964844,390.29998779296875,395.6000061035156,2737235,395.6000061035156
2026-02-09,422.54998779296875,424.0,402.6000061035156,405.0,1439103,405.0
2026-02-10,413.3999938964844,425.6000061035156,411.0,425.0,1085943,425.0
2026-02-11,421.95001220703125,426.79998779296875,411.0,413.3999938964844,2563957,413.3999938964844
2026-02-12,428.8500061035156,437.0,416.29998779296875,422.0,1339946,422.0
2026-02-13,434.79998779296875,441.95001220703125,423.0,427.0,1145234,427.0
2026-02-16,426.5,435.0,425.04998779296875,434.79998779296875,263516,434.79998779296875
2026-02-17,425.6000061035156,429.8999938964844,423.3500061035156,426.54998779296875,309923,426.54998779296875
2026-02-18,421.54998779296875,429.3999938964844,419.0,426.3500061035156,271363,426.3500061035156
2026-02-19,413.04998779296875,422.04998779296875,410.1499938964844,421.54998779296875,257072,421.54998779296875
2026-02-20,414.3500061035156,418.6000061035156,410.1499938964844,414.45001220703125,252827,414.45001220703125
2026-02-23,421.0,442.3999938964844,416.3999938964844,419.0,1778183,419.0
2026-02-24,408.70001220703125,419.5,407.45001220703125,419.5,360814,419.5
2026-02-25,408.5,412.1499938964844,403.6499938964844,410.75,395092,410.75
